<?xml version="1.0" encoding="utf-8"?>
<?xml-stylesheet type="text/xsl" href="pdml2html.xsl"?>
<!-- You can find pdml2html.xsl in /Applications/Wireshark.app/Contents/Resources/share/wireshark or at https://code.wireshark.org/review/gitweb?p=wireshark.git;a=blob_plain;f=pdml2html.xsl. -->
<pdml version="0" creator="wireshark/3.0.1" time="Wed May 15 18:13:18 2019" capture_file="tcp-rfc793-104.pcap">
<packet>
  <proto name="geninfo" pos="0" showname="General information" size="78">
    <field name="num" pos="0" show="1" showname="Number" value="1" size="78"/>
    <field name="len" pos="0" show="78" showname="Frame Length" value="4e" size="78"/>
    <field name="caplen" pos="0" show="78" showname="Captured Length" value="4e" size="78"/>
    <field name="timestamp" pos="0" show="Oct 25, 2018 17:27:21.093919000 CEST" showname="Captured Time" value="1540481241.093919000" size="78"/>
  </proto>
  <proto name="frame" showname="Frame 1: 78 bytes on wire (624 bits), 78 bytes captured (624 bits)" size="78" pos="0">
    <field name="filtered" value="frame" />
  </proto>
  <proto name="eth" showname="Ethernet II, Src: 26:71:ff:fe:ec:1d, Dst: 36:66:93:b9:6c:1a" size="14" pos="0">
    <field name="filtered" value="eth" />
  </proto>
  <proto name="ipv6" showname="Internet Protocol Version 6, Src: 2001:7ab:1::a, Dst: 2001:7ab:3::c" size="40" pos="14">
    <field name="filtered" value="ipv6" />
  </proto>
  <proto name="tcp" showname="Transmission Control Protocol, Src Port: 53722, Dst Port: 1234, Seq: 3977449417, Len: 0" size="24" pos="54">
    <field name="tcp.srcport" showname="Source Port: 53722" size="2" pos="54" show="53722" value="d1da"/>
    <field name="tcp.dstport" showname="Destination Port: 1234" size="2" pos="56" show="1234" value="04d2"/>
    <field name="tcp.port" showname="Source or Destination Port: 53722" hide="yes" size="2" pos="54" show="53722" value="d1da"/>
    <field name="tcp.port" showname="Source or Destination Port: 1234" hide="yes" size="2" pos="56" show="1234" value="04d2"/>
    <field name="tcp.stream" showname="Stream index: 0" size="0" pos="54" show="0"/>
    <field name="tcp.len" showname="TCP Segment Len: 0" size="1" pos="66" show="0" value="60"/>
    <field name="tcp.seq" showname="Sequence number: 3977449417" size="4" pos="58" show="3977449417" value="ed130fc9"/>
    <field name="tcp.nxtseq" showname="Next sequence number: 3977449417" size="0" pos="54" show="3977449417"/>
    <field name="tcp.ack" showname="Acknowledgment number: 0" size="4" pos="62" show="0" value="00000000"/>
    <field name="tcp.hdr_len" showname="0110 .... = Header Length: 24 bytes (6)" size="1" pos="66" show="24" value="60"/>
    <field name="tcp.flags" showname="Flags: 0x002 (SYN)" size="2" pos="66" show="0x00000002" value="2" unmaskedvalue="6002">
      <field name="tcp.flags.res" showname="000. .... .... = Reserved: Not set" size="1" pos="66" show="0" value="0" unmaskedvalue="60"/>
      <field name="tcp.flags.ns" showname="...0 .... .... = Nonce: Not set" size="1" pos="66" show="0" value="0" unmaskedvalue="60"/>
      <field name="tcp.flags.cwr" showname=".... 0... .... = Congestion Window Reduced (CWR): Not set" size="1" pos="67" show="0" value="0" unmaskedvalue="02"/>
      <field name="tcp.flags.ecn" showname=".... .0.. .... = ECN-Echo: Not set" size="1" pos="67" show="0" value="0" unmaskedvalue="02"/>
      <field name="tcp.flags.urg" showname=".... ..0. .... = Urgent: Not set" size="1" pos="67" show="0" value="0" unmaskedvalue="02"/>
      <field name="tcp.flags.ack" showname=".... ...0 .... = Acknowledgment: Not set" size="1" pos="67" show="0" value="0" unmaskedvalue="02"/>
      <field name="tcp.flags.push" showname=".... .... 0... = Push: Not set" size="1" pos="67" show="0" value="0" unmaskedvalue="02"/>
      <field name="tcp.flags.reset" showname=".... .... .0.. = Reset: Not set" size="1" pos="67" show="0" value="0" unmaskedvalue="02"/>
      <field name="tcp.flags.syn" showname=".... .... ..1. = Syn: Set" size="1" pos="67" show="1" value="1" unmaskedvalue="02">
        <field name="_ws.expert" showname="Expert Info (Chat/Sequence): Connection establish request (SYN): server port 1234" size="0" pos="67">
          <field name="tcp.connection.syn" showname="Connection establish request (SYN): server port 1234" size="0" pos="0" show="" value=""/>
          <field name="_ws.expert.message" showname="Message: Connection establish request (SYN): server port 1234" hide="yes" size="0" pos="0" show="Connection establish request (SYN): server port 1234"/>
          <field name="_ws.expert.severity" showname="Severity level: Chat" size="0" pos="0" show="2097152"/>
          <field name="_ws.expert.group" showname="Group: Sequence" size="0" pos="0" show="33554432"/>
        </field>
      </field>
      <field name="tcp.flags.fin" showname=".... .... ...0 = Fin: Not set" size="1" pos="67" show="0" value="0" unmaskedvalue="02"/>
      <field name="tcp.flags.str" showname="TCP Flags: \xc2\xb7\xc2\xb7\xc2\xb7\xc2\xb7\xc2\xb7\xc2\xb7\xc2\xb7\xc2\xb7\xc2\xb7\xc2\xb7S\xc2\xb7" size="2" pos="66" show="\xc2\xb7\xc2\xb7\xc2\xb7\xc2\xb7\xc2\xb7\xc2\xb7\xc2\xb7\xc2\xb7\xc2\xb7\xc2\xb7S\xc2\xb7" value="6002"/>
    </field>
    <field name="tcp.window_size_value" showname="Window size value: 28800" size="2" pos="68" show="28800" value="7080"/>
    <field name="tcp.window_size" showname="Calculated window size: 28800" size="2" pos="68" show="28800" value="7080"/>
    <field name="tcp.checksum" showname="Checksum: 0x4f90 [unverified]" size="2" pos="70" show="0x00004f90" value="4f90"/>
    <field name="tcp.checksum.status" showname="Checksum Status: Unverified" size="0" pos="70" show="2"/>
    <field name="tcp.urgent_pointer" showname="Urgent pointer: 0" size="2" pos="72" show="0" value="0000"/>
    <field name="tcp.options" showname="Options: (4 bytes), Maximum segment size" size="4" pos="74" show="02:04:05:a0" value="020405a0">
      <field name="tcp.options.mss" showname="TCP Option - Maximum segment size: 1440 bytes" size="4" pos="74" show="02:04:05:a0" value="020405a0">
        <field name="tcp.option_kind" showname="Kind: Maximum Segment Size (2)" size="1" pos="74" show="2" value="02"/>
        <field name="tcp.option_len" showname="Length: 4" size="1" pos="75" show="4" value="04"/>
        <field name="tcp.options.mss_val" showname="MSS Value: 1440" size="2" pos="76" show="1440" value="05a0"/>
      </field>
    </field>
    <field name="" show="Timestamps" size="0" pos="54">
      <field name="tcp.time_relative" showname="Time since first frame in this TCP stream: 0.000000000 seconds" size="0" pos="54" show="0.000000000"/>
      <field name="tcp.time_delta" showname="Time since previous frame in this TCP stream: 0.000000000 seconds" size="0" pos="54" show="0.000000000"/>
    </field>
  </proto>
</packet>


</pdml>
